{
    "1x1_hotel_room_00": {
        "max": [
            10.0,
            0.0,
            10.0
        ],
        "min": [
            -10.0,
            -0.20000000298023224,
            -10.0
        ]
    },
    "1x1_hotel_room_01": {
        "max": [
            -9.650000381469727,
            10.0,
            9.858880996704102
        ],
        "min": [
            -10.0,
            0.0,
            1.9994800090789795
        ]
    },
    "1x1_hotel_room_02": {
        "max": [
            10.0,
            10.0,
            -1.9994800090789795
        ],
        "min": [
            9.650000381469727,
            0.0,
            -9.858880996704102
        ]
    },
    "1x1_hotel_room_03": {
        "max": [
            10.0,
            9.997766494750977,
            1.998703956604004
        ],
        "min": [
            9.650000381469727,
            7.017787933349609,
            -1.998703956604004
        ]
    },
    "1x1_hotel_room_04": {
        "max": [
            10.0,
            10.0,
            9.858880996704102
        ],
        "min": [
            9.650000381469727,
            0.0,
            1.9994800090789795
        ]
    },
    "1x1_hotel_room_05": {
        "max": [
            -9.650000381469727,
            10.0,
            -1.9994800090789795
        ],
        "min": [
            -10.0,
            0.0,
            -9.858880996704102
        ]
    },
    "1x1_hotel_room_06": {
        "max": [
            -9.650000381469727,
            9.997766494750977,
            1.998703956604004
        ],
        "min": [
            -10.0,
            7.017787933349609,
            -1.998703956604004
        ]
    },
    "1x1_hotel_room_07": {
        "max": [
            9.858880996704102,
            10.0,
            -9.650000381469727
        ],
        "min": [
            1.9994800090789795,
            0.0,
            -10.0
        ]
    },
    "1x1_hotel_room_08": {
        "max": [
            -1.9994800090789795,
            10.0,
            -9.650000381469727
        ],
        "min": [
            -9.858880996704102,
            -0.0,
            -10.0
        ]
    },
    "1x1_hotel_room_09": {
        "max": [
            1.998703956604004,
            9.997766494750977,
            -9.650000381469727
        ],
        "min": [
            -1.998703956604004,
            7.017787933349609,
            -10.0
        ]
    },
    "1x1_hotel_room_10": {
        "max": [
            9.858880996704102,
            10.0,
            10.0
        ],
        "min": [
            1.9994800090789795,
            0.0,
            9.650000381469727
        ]
    },
    "1x1_hotel_room_11": {
        "max": [
            -1.9994800090789795,
            10.0,
            10.0
        ],
        "min": [
            -9.858880996704102,
            -0.0,
            9.650000381469727
        ]
    },
    "1x1_hotel_room_12": {
        "max": [
            1.998703956604004,
            9.997766494750977,
            10.0
        ],
        "min": [
            -1.998703956604004,
            7.017787933349609,
            9.650000381469727
        ]
    },
    "1x1_hotel_room_13": {
        "max": [
            10.0,
            10.100000381469727,
            10.0
        ],
        "min": [
            -10.0,
            9.899999618530273,
            -10.0
        ]
    },
    "door_00": {
        "max": [
            0.20000000149011612,
            7.0,
            2.0
        ],
        "min": [
            -0.20000000149011612,
            0.0,
            -2.0
        ]
    },
    "small_table_00": {
        "max": [
            -7.106619834899902,
            2.0859880447387695,
            9.322360038757324
        ],
        "min": [
            -9.106619834899902,
            0.018490999937057495,
            7.322360038757324
        ]
    }
}