{
    "1x1_hotel_room_00": {
        "max": [
            10.0,
            0.20000000298023224,
            10.0
        ],
        "min": [
            -10.0,
            0,
            -10.0
        ]
    },
    "1x1_hotel_room_01": {
        "max": [
            0.34499980926513672,
            10.0,
            3.9297003746032715
        ],
        "min": [
            -0.34499980926513672,
            0,
            -3.9297003746032715
        ]
    },
    "1x1_hotel_room_02": {
        "max": [
            0.34499980926513672,
            10.0,
            3.9297003746032715
        ],
        "min": [
            -0.34499980926513672,
            0,
            -3.9297003746032715
        ]
    },
    "1x1_hotel_room_03": {
        "max": [
            0.34499980926513672,
            2.979978561401367,
            1.998703956604004
        ],
        "min": [
            -0.34499980926513672,
            0,
            -1.998703956604004
        ]
    },
    "1x1_hotel_room_04": {
        "max": [
            0.34499980926513672,
            10.0,
            3.9297003746032715
        ],
        "min": [
            -0.34499980926513672,
            0,
            -3.9297003746032715
        ]
    },
    "1x1_hotel_room_05": {
        "max": [
            0.34499980926513672,
            10.0,
            3.9297003746032715
        ],
        "min": [
            -0.34499980926513672,
            0,
            -3.9297003746032715
        ]
    },
    "1x1_hotel_room_06": {
        "max": [
            0.34499980926513672,
            2.979978561401367,
            1.998703956604004
        ],
        "min": [
            -0.34499980926513672,
            0,
            -1.998703956604004
        ]
    },
    "1x1_hotel_room_07": {
        "max": [
            3.9297003746032715,
            10.0,
            0.34499980926513672
        ],
        "min": [
            -3.9297003746032715,
            0,
            -0.34499980926513672
        ]
    },
    "1x1_hotel_room_08": {
        "max": [
            3.9297003746032715,
            10.0,
            0.34499980926513672
        ],
        "min": [
            -3.9297003746032715,
            0,
            -0.34499980926513672
        ]
    },
    "1x1_hotel_room_09": {
        "max": [
            1.998703956604004,
            2.979978561401367,
            0.34499980926513672
        ],
        "min": [
            -1.998703956604004,
            0,
            -0.34499980926513672
        ]
    },
    "1x1_hotel_room_10": {
        "max": [
            3.9297003746032715,
            10.0,
            0.34499980926513672
        ],
        "min": [
            -3.9297003746032715,
            0,
            -0.34499980926513672
        ]
    },
    "1x1_hotel_room_11": {
        "max": [
            3.9297003746032715,
            10.0,
            0.34499980926513672
        ],
        "min": [
            -3.9297003746032715,
            0,
            -0.34499980926513672
        ]
    },
    "1x1_hotel_room_12": {
        "max": [
            1.998703956604004,
            2.979978561401367,
            0.34499980926513672
        ],
        "min": [
            -1.998703956604004,
            0,
            -0.34499980926513672
        ]
    },
    "1x1_hotel_room_13": {
        "max": [
            10.0,
            0.20000076293945313,
            10.0
        ],
        "min": [
            -10.0,
            0,
            -10.0
        ]
    },
    "door_00": {
        "max": [
            0.10000000149011612,
            7.0,
            2.0
        ],
        "min": [
            -0.10000000149011612,
            0,
            -2.0
        ]
    },
    "small_table_00": {
        "max": [
            1.0,
            2.0674970149993896,
            1.0
        ],
        "min": [
            -1.0,
            0,
            -1.0
        ]
    }
}